Submission ID,Respondent ID,Submitted at,Q1. Do you currently invest or trade stocks?,Q2A. How much time per week do you spend on stock research?,Q3A. Which tools do you currently use for stock analysis?,Q3A. Which tools do you currently use for stock analysis? (Yahoo Finance),Q3A. Which tools do you currently use for stock analysis? (TradingView),Q3A. Which tools do you currently use for stock analysis? (Morningstar / Seeking Alpha),Q3A. Which tools do you currently use for stock analysis? (Bloomberg Terminal / Reuters Eikon),"Q3A. Which tools do you currently use for stock analysis? (AI Tools (ChatGPT, Perplexity, Claude))","Q3A. Which tools do you currently use for stock analysis? (Social Media (Reddit, X, LinkedIn))",Q3A. Which tools do you currently use for stock analysis? (My broker's built-in charting/tools),Q3A. Which tools do you currently use for stock analysis? (Other),Q4A. What is your single biggest frustration with your current research process?,"Q5A. Have you paid for any premium financial tools, newsletters, or data platforms in the last 12 months?",Q5A_sub. Roughly how much do you spend per month on financial tools?,Q2B. What is the main barrier holding you back from making your first stock investment?,Q2B. What is the main barrier holding you back from making your first stock investment? (It feels too complicated — I don't know how to analyze a company),Q2B. What is the main barrier holding you back from making your first stock investment? (Fear of losing money — the market feels too volatile right now),Q2B. What is the main barrier holding you back from making your first stock investment? (Capital — I don't have enough money saved to start yet),Q2B. What is the main barrier holding you back from making your first stock investment? (Time — I don't have hours to spare to learn finance jargon),Q2B. What is the main barrier holding you back from making your first stock investment? (Trust — I don't trust standard financial platforms or brokers),Q2B. What is the main barrier holding you back from making your first stock investment? (Other),Q3B. What would give you the confidence to take your very first step?,Q3B. What would give you the confidence to take your very first step? (A simple institutional score — telling me if a stock is healthy or not in seconds),Q3B. What would give you the confidence to take your very first step? (Plain-language explanations in your native language — zero confusing financial jargon),Q3B. What would give you the confidence to take your very first step? (An AI assistant — that I can ask direct questions to and get verifiable answers),Q3B. What would give you the confidence to take your very first step? (Micro-investing — the ability to start with as little as $5),Q3B. What would give you the confidence to take your very first step? (Educational modules — bite-sized lessons built directly into the workflow),Q3B. What would give you the confidence to take your very first step? (Other),"Q2C. Fair enough! If there was just one thing that could make you interested in the stock market, what would it be?",Q6. How much do you trust AI to assist you with investment analysis?,"Q7. What do you do professionally?
",Q8. Where are you primarily based?,"Q9. If you could wave a magic wand and fix one single thing about how you research stocks today, what would it be?","Q10. Can we drop you a line if we have a quick, specific question about your answers?",Untitled short answer field
jeW0YJ1,A7QprJk,2026-06-29 10:01:02,Yes — actively (I trade or review positions regularly),1–3 hours,"AI Tools (ChatGPT, Perplexity, Claude), Social Media (Reddit, X, LinkedIn)",FALSE,FALSE,FALSE,FALSE,TRUE,TRUE,FALSE,FALSE,Data quality / Trust — AI tools make things up or hallucinate numbers,No — I exclusively use free tools and data,,,,,,,,,,,,,,,,,Moderately — but only if the AI displays the exact primary source and formula used,Technology / Software Engineering / Product,"Europe – Northern & Western Europe (e.g., UK, France, Netherlands, Scandinavia)",take a look for more trusfull information,"No thanks, keep my survey answers completely anonymous",
yXvjav6,b5AWKY7,2026-06-29 17:16:18,"Yes — passively (ETFs or funds, I rarely check)",1–3 hours,"Yahoo Finance, AI Tools (ChatGPT, Perplexity, Claude), Social Media (Reddit, X, LinkedIn)",TRUE,FALSE,FALSE,FALSE,TRUE,TRUE,FALSE,FALSE,Data quality / Trust — AI tools make things up or hallucinate numbers,No — I exclusively use free tools and data,,,,,,,,,,,,,,,,,Skeptical — I only trust raw data tables; AI should stay away from my analysis,Business / Consulting / Corporate Strategy,"America – North America (e.g., Mexico, Canada, USA)",Accuracy on data ,"No thanks, keep my survey answers completely anonymous",
OQYd24g,PdPzbjx,2026-06-29 17:20:16,Yes — actively (I trade or review positions regularly),Less than 1 hour,Yahoo Finance,TRUE,FALSE,FALSE,FALSE,FALSE,FALSE,FALSE,FALSE,"Everything is scattered — too many open tabs, no single source of truth",No — I exclusively use free tools and data,,,,,,,,,,,,,,,,,Moderately — but only if the AI displays the exact primary source and formula used,Technology / Software Engineering / Product,"America – North America (e.g., Mexico, Canada, USA)","Tener acceso instantáneo a datos confiables, actualizados y comparables de cualquier empresa, sin tener que consultar múltiples fuentes.","No thanks, keep my survey answers completely anonymous",
EqDvRW4,rjqoJ5o,2026-06-29 17:20:40,No — but I want to start,,,,,,,,,,,,,,It feels too complicated — I don't know how to analyze a company,TRUE,FALSE,FALSE,FALSE,FALSE,FALSE,Plain-language explanations in your native language — zero confusing financial jargon,FALSE,TRUE,FALSE,FALSE,FALSE,FALSE,,Moderately — but only if the AI displays the exact primary source and formula used,Business / Consulting / Corporate Strategy,"America – North America (e.g., Mexico, Canada, USA)",Make it easier to understand for beginners ,"No thanks, keep my survey answers completely anonymous",
PRYvxrx,XxN48qj,2026-06-29 17:22:32,Yes — actively (I trade or review positions regularly),Less than 1 hour,"Yahoo Finance, AI Tools (ChatGPT, Perplexity, Claude)",TRUE,FALSE,FALSE,FALSE,TRUE,FALSE,FALSE,FALSE,Cost — the tools that are actually good are way too expensive,No — I exclusively use free tools and data,,,,,,,,,,,,,,,,,Moderately — but only if the AI displays the exact primary source and formula used,Finance / Banking / Asset Management,"America – North America (e.g., Mexico, Canada, USA)","a tool that can recommend me stocks based on the risk that i want to assume, but also not the typical stocks or the most popular ones. also in sectors that im interested investing","No thanks, keep my survey answers completely anonymous",
LDYv88l,ODV7ovg,2026-06-29 17:34:56,No — but I want to start,,,,,,,,,,,,,,"It feels too complicated — I don't know how to analyze a company, Fear of losing money — the market feels too volatile right now",TRUE,TRUE,FALSE,FALSE,FALSE,FALSE,"Plain-language explanations in your native language — zero confusing financial jargon, A simple institutional score — telling me if a stock is healthy or not in seconds",TRUE,TRUE,FALSE,FALSE,FALSE,FALSE,,Skeptical — I only trust raw data tables; AI should stay away from my analysis,Healthcare / Legal / Education,"America – North America (e.g., Mexico, Canada, USA)",,"No thanks, keep my survey answers completely anonymous",
GeDXWO2,ZjQ2DDo,2026-06-29 17:39:59,No — but I want to start,,,,,,,,,,,,,,It feels too complicated — I don't know how to analyze a company,TRUE,FALSE,FALSE,FALSE,FALSE,FALSE,"Plain-language explanations in your native language — zero confusing financial jargon, Micro-investing — the ability to start with as little as $5",FALSE,TRUE,FALSE,TRUE,FALSE,FALSE,,Not at all — AI has no place in serious financial research,Business / Consulting / Corporate Strategy,"America – North America (e.g., Mexico, Canada, USA)","I have no idea about stocks, so I'd use my magic wand to finally understand the topic, from stocks for dummies all the way to more advanced concepts. Right now, I don't know anything about investing. I don't hace idea of how to do it, where to invest, or even how it all works.","Yes, let's connect. Here is my LinkedIn profile URL or name:",https://www.linkedin.com/in/saderomo/
laWKQkp,zxb7LLR,2026-06-29 17:40:05,No — but I want to start,,,,,,,,,,,,,,It feels too complicated — I don't know how to analyze a company,TRUE,FALSE,FALSE,FALSE,FALSE,FALSE,A simple institutional score — telling me if a stock is healthy or not in seconds,TRUE,FALSE,FALSE,FALSE,FALSE,FALSE,,Moderately — but only if the AI displays the exact primary source and formula used,Business / Consulting / Corporate Strategy,"America – North America (e.g., Mexico, Canada, USA)","I am very interested in the ethics behind investing, I would love to have easy access to that information. I also feel like something VERY simplified is worth having","Yes, let's connect. Here is my LinkedIn profile URL or name:",Karen García
LDYvRPv,9qr7M04,2026-06-29 17:42:04,"Yes — passively (ETFs or funds, I rarely check)",Less than 1 hour,"My broker's built-in charting/tools, AI Tools (ChatGPT, Perplexity, Claude), Podcasts",FALSE,FALSE,FALSE,FALSE,TRUE,FALSE,TRUE,TRUE,It takes too long — grinding through financial statements is slow,No — I exclusively use free tools and data,,,,,,,,,,,,,,,,,Moderately — but only if the AI displays the exact primary source and formula used,Prefer not to say,"Europe – Northern & Western Europe (e.g., UK, France, Netherlands, Scandinavia)",Compare different stocks in one chart,"No thanks, keep my survey answers completely anonymous",
2jv1QNL,1AB96QL,2026-06-29 17:42:21,No — but I want to start,,,,,,,,,,,,,,"Fear of losing money — the market feels too volatile right now, Trust — I don't trust standard financial platforms or brokers",FALSE,TRUE,FALSE,FALSE,TRUE,FALSE,"Micro-investing — the ability to start with as little as $5, Educational modules — bite-sized lessons built directly into the workflow",FALSE,FALSE,FALSE,TRUE,TRUE,FALSE,,Moderately — but only if the AI displays the exact primary source and formula used,Business / Consulting / Corporate Strategy,"America – North America (e.g., Mexico, Canada, USA)",More information clear for new users ,"No thanks, keep my survey answers completely anonymous",
rDLGzJX,obx2vrO,2026-06-29 17:44:04,"Yes — passively (ETFs or funds, I rarely check)",Less than 1 hour,"Social Media (Reddit, X, LinkedIn), TradingView",FALSE,TRUE,FALSE,FALSE,FALSE,TRUE,FALSE,FALSE,Data quality / Trust — AI tools make things up or hallucinate numbers,Yes — I currently maintain at least one paid subscription,$15–$50 / month,,,,,,,,,,,,,,,,Moderately — but only if the AI displays the exact primary source and formula used,Technology / Software Engineering / Product,"Europe – Northern & Western Europe (e.g., UK, France, Netherlands, Scandinavia)",,"No thanks, keep my survey answers completely anonymous",
vXLEood,J9BOoRY,2026-06-29 17:46:35,"Yes — passively (ETFs or funds, I rarely check)",1–3 hours,"AI Tools (ChatGPT, Perplexity, Claude), My broker's built-in charting/tools",FALSE,FALSE,FALSE,FALSE,TRUE,FALSE,TRUE,FALSE,It takes too long — grinding through financial statements is slow,No — I exclusively use free tools and data,,,,,,,,,,,,,,,,,Moderately — but only if the AI displays the exact primary source and formula used,Technology / Software Engineering / Product,"Europe – Northern & Western Europe (e.g., UK, France, Netherlands, Scandinavia)",,"No thanks, keep my survey answers completely anonymous",
2jv1QMb,q4NRzPd,2026-06-29 17:46:42,"Yes — passively (ETFs or funds, I rarely check)",1–3 hours,"AI Tools (ChatGPT, Perplexity, Claude), Social Media (Reddit, X, LinkedIn), My broker's built-in charting/tools, YouTube Stock Channels/Reviews of current trends",FALSE,FALSE,FALSE,FALSE,TRUE,TRUE,TRUE,TRUE,"Everything is scattered — too many open tabs, no single source of truth",No — I exclusively use free tools and data,,,,,,,,,,,,,,,,,Fully — I trust AI to process and summarize complex financial data accurately,Technology / Software Engineering / Product,"Europe – Eastern & Southern Europe (e.g., Poland, Italy, Spain, Ukraine)","Get a daily, Personal overview connected to news, favorite companies, Trends, and weather. For example a recommendation for Air Conditioning firms. Also more insights from annual reports for my Favorite Companies all at once ","Yes, let's connect. Here is my LinkedIn profile URL or name:",Patricia G. Parnet
8N8AvqY,b5AWAZ6,2026-06-29 17:53:04,"Yes — passively (ETFs or funds, I rarely check)",Less than 1 hour,"Yahoo Finance, AI Tools (ChatGPT, Perplexity, Claude), My broker's built-in charting/tools",TRUE,FALSE,FALSE,FALSE,TRUE,FALSE,TRUE,FALSE,"Everything is scattered — too many open tabs, no single source of truth",No — I exclusively use free tools and data,,,,,,,,,,,,,,,,,Moderately — but only if the AI displays the exact primary source and formula used,Finance / Banking / Asset Management,"America – North America (e.g., Mexico, Canada, USA)",Everything in one place ,"Yes, let's connect. Here is my LinkedIn profile URL or name:",https://www.linkedin.com/in/jos%C3%A9-bernardo-s%C3%A1nchez-etchegaray-57a37392?utm_source=share_via&utm_content=profile&utm_medium=member_ios
X5Y8lAd,44GKExr,2026-06-29 18:02:05,"Yes — passively (ETFs or funds, I rarely check)",Less than 1 hour,"Bloomberg Terminal / Reuters Eikon, AI Tools (ChatGPT, Perplexity, Claude), Social Media (Reddit, X, LinkedIn), My broker's built-in charting/tools",FALSE,FALSE,FALSE,TRUE,TRUE,TRUE,TRUE,FALSE,It takes too long — grinding through financial statements is slow,No — I exclusively use free tools and data,,,,,,,,,,,,,,,,,Moderately — but only if the AI displays the exact primary source and formula used,Finance / Banking / Asset Management,"Europe – Northern & Western Europe (e.g., UK, France, Netherlands, Scandinavia)",no idea,"No thanks, keep my survey answers completely anonymous",
8N861Rr,rjqogRX,2026-06-29 18:06:18,No — but I want to start,,,,,,,,,,,,,,Capital — I don't have enough money saved to start yet,FALSE,FALSE,TRUE,FALSE,FALSE,FALSE,Ingresos,FALSE,FALSE,FALSE,FALSE,FALSE,TRUE,,Moderately — but only if the AI displays the exact primary source and formula used,Healthcare / Legal / Education,"America – North America (e.g., Mexico, Canada, USA)",Una explicación clara y precisa de cómo funcionan las acciones ,"No thanks, keep my survey answers completely anonymous",
VpYbLAg,0QAeG9B,2026-06-29 18:07:17,No — but I want to start,Less than 1 hour,"Random Facebook pages, vibes",FALSE,FALSE,FALSE,FALSE,FALSE,FALSE,FALSE,TRUE,,,,"Fear of losing money — the market feels too volatile right now, Time — I don't have hours to spare to learn finance jargon",FALSE,TRUE,FALSE,TRUE,FALSE,FALSE,"I don’t want to spend time on it, I will prob dumb stuff on sp and don’t worry about it. I won’t beat market with my naive analishs",FALSE,FALSE,FALSE,FALSE,FALSE,TRUE,,Moderately — but only if the AI displays the exact primary source and formula used,Technology / Software Engineering / Product,"Europe – Eastern & Southern Europe (e.g., Poland, Italy, Spain, Ukraine)",,"No thanks, keep my survey answers completely anonymous",
vXLJrR4,lb461eN,2026-06-29 18:27:04,No — and I am not interested at all,,,,,,,,,,,,,,,,,,,,,,,,,,,,twa,,,,,,
kbWJeN1,lb461eN,2026-06-29 18:28:41,Yes — actively (I trade or review positions regularly),7 hours or more,My broker's built-in charting/tools,FALSE,FALSE,FALSE,FALSE,FALSE,FALSE,TRUE,FALSE,Complexity — it's hard to separate the signal from the noise,No — I exclusively use free tools and data,,,,,,,,,,,,,,,,,Skeptical — I only trust raw data tables; AI should stay away from my analysis,Technology / Software Engineering / Product,"Africa – Sub-Saharan Africa (e.g. Nigeria, Kenya, South Africa)",tw,"No thanks, keep my survey answers completely anonymous",
EqDZdXN,2ERKyvp,2026-06-29 18:29:02,No — but I want to start,,,,,,,,,,,,,,It feels too complicated — I don't know how to analyze a company,TRUE,FALSE,FALSE,FALSE,FALSE,FALSE,Educational modules — bite-sized lessons built directly into the workflow,FALSE,FALSE,FALSE,FALSE,TRUE,FALSE,,Moderately — but only if the AI displays the exact primary source and formula used,Healthcare / Legal / Education,"America – North America (e.g., Mexico, Canada, USA)",,"No thanks, keep my survey answers completely anonymous",
4av9KbA,EkaxeWL,2026-06-29 18:44:52,No — but I want to start,,,,,,,,,,,,,,It feels too complicated — I don't know how to analyze a company,TRUE,FALSE,FALSE,FALSE,FALSE,FALSE,"A simple institutional score — telling me if a stock is healthy or not in seconds, An AI assistant — that I can ask direct questions to and get verifiable answers",TRUE,FALSE,TRUE,FALSE,FALSE,FALSE,,Fully — I trust AI to process and summarize complex financial data accurately,Business / Consulting / Corporate Strategy,"America – North America (e.g., Mexico, Canada, USA)",,"Yes, let's connect. Here is my LinkedIn profile URL or name:",
9NvRDRE,44GKYvd,2026-06-29 18:55:19,Yes — actively (I trade or review positions regularly),Less than 1 hour,TradingView,FALSE,TRUE,FALSE,FALSE,FALSE,FALSE,FALSE,FALSE,Complexity — it's hard to separate the signal from the noise,Yes — but I cancelled it because it wasn't worth the cost,$15–$50 / month,,,,,,,,,,,,,,,,Moderately — but only if the AI displays the exact primary source and formula used,Business / Consulting / Corporate Strategy,"Europe – Northern & Western Europe (e.g., UK, France, Netherlands, Scandinavia)","I don't do day-tradings, but rather value investing with some basic trading. Therefore, I need some good chart basics, but also an overview over geo-politics and other external market factors, some industry news and upcoming publishings (like unemployment rates in the US or announcements of Kevin Walsh...). My decisions are mostly based on my trust in the market chances I see for those companies. I invest at NYSE including option trading). 
My sources are regularly Markus Koch, Ticker Symbol:YOU, Bernecker TV and Mario Lochner on YouTube  next to Handelsblatt, Trading view and other news.
","Yes, let's connect. Here is my LinkedIn profile URL or name:",Gunnar Leu
WJYK5BN,xX6J7Rd,2026-06-29 18:56:27,No — and I am not interested at all,,,,,,,,,,,,,,,,,,,,,,,,,,,,Make everything easier to understand. I find the terminology and processes very complicated and unfriendly in general.,,,,,,
6DvW2yk,obx2Z5O,2026-06-29 18:56:28,"Yes — passively (ETFs or funds, I rarely check)",Less than 1 hour,"Justetf.com, AI Tools (ChatGPT, Perplexity, Claude), My broker's built-in charting/tools",FALSE,FALSE,FALSE,FALSE,TRUE,FALSE,TRUE,TRUE,Complexity — it's hard to separate the signal from the noise,No — I exclusively use free tools and data,,,,,,,,,,,,,,,,,Moderately — but only if the AI displays the exact primary source and formula used,Logistics,"America – North America (e.g., Mexico, Canada, USA)",,"No thanks, keep my survey answers completely anonymous",
e5206ZQ,ODV7ZK8,2026-06-29 18:58:42,Yes — actively (I trade or review positions regularly),Less than 1 hour,"My broker's built-in charting/tools, Social Media (Reddit, X, LinkedIn)",FALSE,FALSE,FALSE,FALSE,FALSE,TRUE,TRUE,FALSE,Complexity — it's hard to separate the signal from the noise,No — I exclusively use free tools and data,,,,,,,,,,,,,,,,,Skeptical — I only trust raw data tables; AI should stay away from my analysis,Technology / Software Engineering / Product,"Europe – Northern & Western Europe (e.g., UK, France, Netherlands, Scandinavia)",,"No thanks, keep my survey answers completely anonymous",
7XvaWqa,PdPzNQQ,2026-06-29 18:59:07,"Yes — passively (ETFs or funds, I rarely check)",Less than 1 hour,None,FALSE,FALSE,FALSE,FALSE,FALSE,FALSE,FALSE,TRUE,I have no clue where to even start,No — I exclusively use free tools and data,,,,,,,,,,,,,,,,,Skeptical — I only trust raw data tables; AI should stay away from my analysis,Technology / Software Engineering / Product,"Europe – Northern & Western Europe (e.g., UK, France, Netherlands, Scandinavia)",I don’t research stocks. It is boring and does not interest me. I invest passively in ETFs because I don’t want to think about it at any point in my daily life.,"No thanks, keep my survey answers completely anonymous",
RWYb4dl,lb468yN,2026-06-29 19:12:46,Yes — actively (I trade or review positions regularly),Less than 1 hour,"Social Media (Reddit, X, LinkedIn), AI Tools (ChatGPT, Perplexity, Claude)",FALSE,FALSE,FALSE,FALSE,TRUE,TRUE,FALSE,FALSE,Data quality / Trust — AI tools make things up or hallucinate numbers,No — I exclusively use free tools and data,,,,,,,,,,,,,,,,,Moderately — but only if the AI displays the exact primary source and formula used,Prefer not to say,"Europe – Northern & Western Europe (e.g., UK, France, Netherlands, Scandinavia)",,"No thanks, keep my survey answers completely anonymous",
J1DeD7o,7RPNAla,2026-06-29 19:36:04,"Yes — passively (ETFs or funds, I rarely check)",Less than 1 hour,Scalable,FALSE,FALSE,FALSE,FALSE,FALSE,FALSE,FALSE,TRUE,It takes too long — grinding through financial statements is slow,Yes — I currently maintain at least one paid subscription,Under $15 / month,,,,,,,,,,,,,,,,Skeptical — I only trust raw data tables; AI should stay away from my analysis,Healthcare / Legal / Education,"Europe – Northern & Western Europe (e.g., UK, France, Netherlands, Scandinavia)",,"No thanks, keep my survey answers completely anonymous",
GeDqQ6k,0QAeNoP,2026-06-29 20:12:59,"Yes — passively (ETFs or funds, I rarely check)",Less than 1 hour,My broker's built-in charting/tools,FALSE,FALSE,FALSE,FALSE,FALSE,FALSE,TRUE,FALSE,Complexity — it's hard to separate the signal from the noise,No — I exclusively use free tools and data,,,,,,,,,,,,,,,,,Moderately — but only if the AI displays the exact primary source and formula used,Business / Consulting / Corporate Strategy,"Europe – Northern & Western Europe (e.g., UK, France, Netherlands, Scandinavia)",,"No thanks, keep my survey answers completely anonymous",
OQYboM8,aQl278y,2026-06-29 20:17:26,"Yes — passively (ETFs or funds, I rarely check)",Less than 1 hour,My broker's built-in charting/tools,FALSE,FALSE,FALSE,FALSE,FALSE,FALSE,TRUE,FALSE,It takes too long — grinding through financial statements is slow,No — I exclusively use free tools and data,,,,,,,,,,,,,,,,,Moderately — but only if the AI displays the exact primary source and formula used,Technology / Software Engineering / Product,"Europe – Northern & Western Europe (e.g., UK, France, Netherlands, Scandinavia)",,"No thanks, keep my survey answers completely anonymous",
kbWJkBM,dWR9BLN,2026-06-29 20:17:31,"Yes — passively (ETFs or funds, I rarely check)",Less than 1 hour,"My broker's built-in charting/tools, AI Tools (ChatGPT, Perplexity, Claude)",FALSE,FALSE,FALSE,FALSE,TRUE,FALSE,TRUE,FALSE,Complexity — it's hard to separate the signal from the noise,Yes — but I cancelled it because it wasn't worth the cost,Under $15 / month,,,,,,,,,,,,,,,,Moderately — but only if the AI displays the exact primary source and formula used,Technology / Software Engineering / Product,"Europe – Northern & Western Europe (e.g., UK, France, Netherlands, Scandinavia)",,"No thanks, keep my survey answers completely anonymous",
rDLJqWv,68VNJ8P,2026-06-29 20:35:29,No — but I want to start,,,,,,,,,,,,,,"It feels too complicated — I don't know how to analyze a company, Fear of losing money — the market feels too volatile right now",TRUE,TRUE,FALSE,FALSE,FALSE,FALSE,"A simple institutional score — telling me if a stock is healthy or not in seconds, Plain-language explanations in your native language — zero confusing financial jargon, Micro-investing — the ability to start with as little as $5",TRUE,TRUE,FALSE,TRUE,FALSE,FALSE,,Moderately — but only if the AI displays the exact primary source and formula used,Prefer not to say,"Europe – Eastern & Southern Europe (e.g., Poland, Italy, Spain, Ukraine)",Real human 1:1 consultation and gide step by step into research stocks.,"No thanks, keep my survey answers completely anonymous",
vXLJaO0,obxGDgV,2026-06-29 21:18:13,"Yes — passively (ETFs or funds, I rarely check)",Less than 1 hour,"My broker's built-in charting/tools, Social Media (Reddit, X, LinkedIn), AI Tools (ChatGPT, Perplexity, Claude)",FALSE,FALSE,FALSE,FALSE,TRUE,TRUE,TRUE,FALSE,Data quality / Trust — AI tools make things up or hallucinate numbers,No — I exclusively use free tools and data,,,,,,,,,,,,,,,,,Fully — I trust AI to process and summarize complex financial data accurately,Technology / Software Engineering / Product,"Europe – Northern & Western Europe (e.g., UK, France, Netherlands, Scandinavia)",,"No thanks, keep my survey answers completely anonymous",
2jvldGg,xX6YMBr,2026-06-29 21:28:21,"Yes — passively (ETFs or funds, I rarely check)",1–3 hours,"Bloomberg Terminal / Reuters Eikon, Morningstar / Seeking Alpha, AI Tools (ChatGPT, Perplexity, Claude), Social Media (Reddit, X, LinkedIn), My broker's built-in charting/tools",FALSE,FALSE,TRUE,TRUE,TRUE,TRUE,TRUE,FALSE,Complexity — it's hard to separate the signal from the noise,No — I exclusively use free tools and data,,,,,,,,,,,,,,,,,Moderately — but only if the AI displays the exact primary source and formula used,Finance / Banking / Asset Management,"Europe – Northern & Western Europe (e.g., UK, France, Netherlands, Scandinavia)",Remove noice and get actual data to analyse ,"No thanks, keep my survey answers completely anonymous",
jeWJjO1,q4NVAbd,2026-06-29 22:06:08,No — but I want to start,,,,,,,,,,,,,,Trust — I don't trust standard financial platforms or brokers,FALSE,FALSE,FALSE,FALSE,TRUE,FALSE,"Plain-language explanations in your native language — zero confusing financial jargon, Micro-investing — the ability to start with as little as $5, Educational modules — bite-sized lessons built directly into the workflow",FALSE,TRUE,FALSE,TRUE,TRUE,FALSE,,Skeptical — I only trust raw data tables; AI should stay away from my analysis,Healthcare / Legal / Education,"Europe – Northern & Western Europe (e.g., UK, France, Netherlands, Scandinavia)",Basic knowledge without ai!,"No thanks, keep my survey answers completely anonymous",
gbZk6MK,EkaW7Do,2026-06-30 3:26:50,Yes — actively (I trade or review positions regularly),Less than 1 hour,"Bloomberg Terminal / Reuters Eikon, Social Media (Reddit, X, LinkedIn)",FALSE,FALSE,FALSE,TRUE,FALSE,TRUE,FALSE,FALSE,Cost — the tools that are actually good are way too expensive,Yes — I currently maintain at least one paid subscription,$50–$200 / month,,,,,,,,,,,,,,,,Fully — I trust AI to process and summarize complex financial data accurately,Finance / Banking / Asset Management,"America – North America (e.g., Mexico, Canada, USA)","Timing, fundamentals and recommendations ","No thanks, keep my survey answers completely anonymous",
VpYDNzE,7RP2dZ9,2026-06-30 7:09:15,"Yes — passively (ETFs or funds, I rarely check)",Less than 1 hour,My broker's built-in charting/tools,FALSE,FALSE,FALSE,FALSE,FALSE,FALSE,TRUE,FALSE,Complexity — it's hard to separate the signal from the noise,No — I exclusively use free tools and data,,,,,,,,,,,,,,,,,Moderately — but only if the AI displays the exact primary source and formula used,Technology / Software Engineering / Product,"Europe – Northern & Western Europe (e.g., UK, France, Netherlands, Scandinavia)",Reduce the needed time,"No thanks, keep my survey answers completely anonymous",
dbjv1ZV,EkaQLBr,2026-06-30 7:37:34,No — but I want to start,,,,,,,,,,,,,,It feels too complicated — I don't know how to analyze a company,TRUE,FALSE,FALSE,FALSE,FALSE,FALSE,Plain-language explanations in your native language — zero confusing financial jargon,FALSE,TRUE,FALSE,FALSE,FALSE,FALSE,,Skeptical — I only trust raw data tables; AI should stay away from my analysis,Business / Consulting / Corporate Strategy,"Europe – Northern & Western Europe (e.g., UK, France, Netherlands, Scandinavia)",,"No thanks, keep my survey answers completely anonymous",
RWYkAOp,rjqAG52,2026-06-30 8:27:44,No — and I am not interested at all,,,,,,,,,,,,,,,,,,,,,,,,,,,,Im not interested ,,,,,,
q5Wv2XY,0QA6Dbj,2026-06-30 8:47:35,Yes — actively (I trade or review positions regularly),Less than 1 hour,"AI Tools (ChatGPT, Perplexity, Claude), TradingView",FALSE,TRUE,FALSE,FALSE,TRUE,FALSE,FALSE,FALSE,Cost — the tools that are actually good are way too expensive,No — I exclusively use free tools and data,,,,,,,,,,,,,,,,,Moderately — but only if the AI displays the exact primary source and formula used,Business / Consulting / Corporate Strategy,"Europe – Northern & Western Europe (e.g., UK, France, Netherlands, Scandinavia)",-,"No thanks, keep my survey answers completely anonymous",
zEJLpxg,pbZBkMV,2026-06-30 8:49:17,No — but I want to start,,,,,,,,,,,,,,"Capital — I don't have enough money saved to start yet, Time — I don't have hours to spare to learn finance jargon, Fear of losing money — the market feels too volatile right now, It feels too complicated — I don't know how to analyze a company, Trust — I don't trust standard financial platforms or brokers",TRUE,TRUE,TRUE,TRUE,TRUE,FALSE,more financial safety so I could afford to loose sth,FALSE,FALSE,FALSE,FALSE,FALSE,TRUE,,Moderately — but only if the AI displays the exact primary source and formula used,Healthcare / Legal / Education,"Europe – Northern & Western Europe (e.g., UK, France, Netherlands, Scandinavia)",Have more money so I could afford to invest ,"No thanks, keep my survey answers completely anonymous",
4avOXWk,Gx7d5Pz,2026-06-30 8:59:42,No — but I want to start,,,,,,,,,,,,,,"Fear of losing money — the market feels too volatile right now, I am scared I’ll get addicted",FALSE,TRUE,FALSE,FALSE,FALSE,TRUE,Micro-investing — the ability to start with as little as $5,FALSE,FALSE,FALSE,TRUE,FALSE,FALSE,,Skeptical — I only trust raw data tables; AI should stay away from my analysis,Student / Just starting out,"Europe – Northern & Western Europe (e.g., UK, France, Netherlands, Scandinavia)",,"No thanks, keep my survey answers completely anonymous",
yXv1XxW,ODV5Eyg,2026-06-30 9:06:23,"Yes — passively (ETFs or funds, I rarely check)",Less than 1 hour,My broker's built-in charting/tools,FALSE,FALSE,FALSE,FALSE,FALSE,FALSE,TRUE,FALSE,Complexity — it's hard to separate the signal from the noise,No — I exclusively use free tools and data,,,,,,,,,,,,,,,,,Skeptical — I only trust raw data tables; AI should stay away from my analysis,Student / Just starting out,"Europe – Northern & Western Europe (e.g., UK, France, Netherlands, Scandinavia)",,"No thanks, keep my survey answers completely anonymous",
dbjz9zV,WOZ5gGe,2026-06-30 9:32:32,No — but I want to start,,,,,,,,,,,,,,Capital — I don't have enough money saved to start yet,FALSE,FALSE,TRUE,FALSE,FALSE,FALSE,"A simple institutional score — telling me if a stock is healthy or not in seconds, Plain-language explanations in your native language — zero confusing financial jargon",TRUE,TRUE,FALSE,FALSE,FALSE,FALSE,,Skeptical — I only trust raw data tables; AI should stay away from my analysis,Business / Consulting / Corporate Strategy,"Europe – Northern & Western Europe (e.g., UK, France, Netherlands, Scandinavia)",To be an expert on it and have the knowledge to do it with confident and on a regular basis.,"Yes, let's connect. Here is my LinkedIn profile URL or name:",carolinademuner
4avOxdb,EkaQEDN,2026-06-30 9:43:27,No — but I want to start,,,,,,,,,,,,,,"It feels too complicated — I don't know how to analyze a company, Time — I don't have hours to spare to learn finance jargon",TRUE,FALSE,FALSE,TRUE,FALSE,FALSE,"A simple institutional score — telling me if a stock is healthy or not in seconds, Plain-language explanations in your native language — zero confusing financial jargon, Micro-investing — the ability to start with as little as $5, Educational modules — bite-sized lessons built directly into the workflow",TRUE,TRUE,FALSE,TRUE,TRUE,FALSE,,Moderately — but only if the AI displays the exact primary source and formula used,Business / Consulting / Corporate Strategy,"Europe – Northern & Western Europe (e.g., UK, France, Netherlands, Scandinavia)",,"No thanks, keep my survey answers completely anonymous",
laWgQao,ODVAbd8,2026-06-30 17:50:36,No — but I want to start,,,,,,,,,,,,,,"Time — I don't have hours to spare to learn finance jargon, Capital — I don't have enough money saved to start yet",FALSE,FALSE,TRUE,TRUE,FALSE,FALSE,"A simple institutional score — telling me if a stock is healthy or not in seconds, Micro-investing — the ability to start with as little as $5, Educational modules — bite-sized lessons built directly into the workflow",TRUE,FALSE,FALSE,TRUE,TRUE,FALSE,,Moderately — but only if the AI displays the exact primary source and formula used,Engineering,"Europe – Northern & Western Europe (e.g., UK, France, Netherlands, Scandinavia)","I'd like to get a simple but broad overview of a stock including historical data, e.g. performance with regard to overall economic development and possible paths in the future. ","No thanks, keep my survey answers completely anonymous",
EqDgW2o,Bz9GV11,2026-06-30 18:49:21,"Yes — passively (ETFs or funds, I rarely check)",Less than 1 hour,Scalable,FALSE,FALSE,FALSE,FALSE,FALSE,FALSE,FALSE,TRUE,"Everything is scattered — too many open tabs, no single source of truth",No — I exclusively use free tools and data,,,,,,,,,,,,,,,,,Moderately — but only if the AI displays the exact primary source and formula used,Healthcare / Legal / Education,"Europe – Northern & Western Europe (e.g., UK, France, Netherlands, Scandinavia)",Combine information from different sources,"No thanks, keep my survey answers completely anonymous",
LDYgdOv,rjqlQ6l,2026-06-30 19:03:46,Yes — actively (I trade or review positions regularly),Less than 1 hour,My broker's built-in charting/tools,FALSE,FALSE,FALSE,FALSE,FALSE,FALSE,TRUE,FALSE,Nothing,No — I exclusively use free tools and data,,,,,,,,,,,,,,,,,Moderately — but only if the AI displays the exact primary source and formula used,Facility,"Europe – Northern & Western Europe (e.g., UK, France, Netherlands, Scandinavia)",Nothing,"No thanks, keep my survey answers completely anonymous",
X5Yg2Vj,b5AlPOe,2026-06-30 20:03:23,"Yes — passively (ETFs or funds, I rarely check)",Less than 1 hour,"Yahoo Finance, AI Tools (ChatGPT, Perplexity, Claude), Social Media (Reddit, X, LinkedIn), My broker's built-in charting/tools",TRUE,FALSE,FALSE,FALSE,TRUE,TRUE,TRUE,FALSE,Data quality / Trust — AI tools make things up or hallucinate numbers,No — I exclusively use free tools and data,,,,,,,,,,,,,,,,,Moderately — but only if the AI displays the exact primary source and formula used,Healthcare / Legal / Education,"Europe – Northern & Western Europe (e.g., UK, France, Netherlands, Scandinavia)",,"No thanks, keep my survey answers completely anonymous",
7Xvzaa9,ZjQJaGz,2026-07-01 5:58:51,"Yes — passively (ETFs or funds, I rarely check)",Less than 1 hour,By,FALSE,FALSE,FALSE,FALSE,FALSE,FALSE,FALSE,TRUE,Complexity — it's hard to separate the signal from the noise,No — I exclusively use free tools and data,,,,,,,,,,,,,,,,,Moderately — but only if the AI displays the exact primary source and formula used,Prefer not to say,Prefer not to say,,"No thanks, keep my survey answers completely anonymous",
WJYk5DR,9qrlydE,2026-07-01 8:58:35,Yes — actively (I trade or review positions regularly),1–3 hours,"Yahoo Finance, TradingView",TRUE,TRUE,FALSE,FALSE,FALSE,FALSE,FALSE,FALSE,"Everything is scattered — too many open tabs, no single source of truth",No — I exclusively use free tools and data,,,,,,,,,,,,,,,,,Moderately — but only if the AI displays the exact primary source and formula used,Business / Consulting / Corporate Strategy,"Europe – Eastern & Southern Europe (e.g., Poland, Italy, Spain, Ukraine)","to have a bloomberg type of data, as th retailer cant have access to it ","No thanks, keep my survey answers completely anonymous",
9Nvgv2Y,gDO4PL4,2026-07-01 9:28:56,No — but I want to start,,,,,,,,,,,,,,"Capital — I don't have enough money saved to start yet, It feels too complicated — I don't know how to analyze a company",TRUE,FALSE,TRUE,FALSE,FALSE,FALSE,"A simple institutional score — telling me if a stock is healthy or not in seconds, Plain-language explanations in your native language — zero confusing financial jargon, Micro-investing — the ability to start with as little as $5",TRUE,TRUE,FALSE,TRUE,FALSE,FALSE,,Moderately — but only if the AI displays the exact primary source and formula used,Student / Just starting out,"Europe – Northern & Western Europe (e.g., UK, France, Netherlands, Scandinavia)",,"No thanks, keep my survey answers completely anonymous",
RWY67pP,NpOL7EB,2026-07-01 11:44:12,"Yes — passively (ETFs or funds, I rarely check)",Less than 1 hour,Traderepublic,FALSE,FALSE,FALSE,FALSE,FALSE,FALSE,FALSE,TRUE,Data quality / Trust — AI tools make things up or hallucinate numbers,No — I exclusively use free tools and data,,,,,,,,,,,,,,,,,Skeptical — I only trust raw data tables; AI should stay away from my analysis,Healthcare / Legal / Education,"Europe – Northern & Western Europe (e.g., UK, France, Netherlands, Scandinavia)",,"No thanks, keep my survey answers completely anonymous",
dbjXA5A,ODVLJyR,2026-07-01 12:45:10,"Yes — passively (ETFs or funds, I rarely check)",Less than 1 hour,Empfehlungen,FALSE,FALSE,FALSE,FALSE,FALSE,FALSE,FALSE,TRUE,Complexity — it's hard to separate the signal from the noise,No — I exclusively use free tools and data,,,,,,,,,,,,,,,,,Moderately — but only if the AI displays the exact primary source and formula used,Student / Just starting out,"Europe – Northern & Western Europe (e.g., UK, France, Netherlands, Scandinavia)",as easy as possible also for people with no knowledge in that area,"No thanks, keep my survey answers completely anonymous",
o9dYO61,Bz9ZQV5,2026-07-01 12:45:23,No — and I am not interested at all,,,,,,,,,,,,,,,,,,,,,,,,,,,,Don’t have enough money ,,,,,,
KpDA0ZK,ODVLJyR,2026-07-01 12:48:15,"Yes — passively (ETFs or funds, I rarely check)",Less than 1 hour,"Social Media (Reddit, X, LinkedIn), Morningstar / Seeking Alpha",FALSE,FALSE,TRUE,FALSE,FALSE,TRUE,FALSE,FALSE,Complexity — it's hard to separate the signal from the noise,No — I exclusively use free tools and data,,,,,,,,,,,,,,,,,Moderately — but only if the AI displays the exact primary source and formula used,Business / Consulting / Corporate Strategy,"Europe – Northern & Western Europe (e.g., UK, France, Netherlands, Scandinavia)","not getting reals insights, just very general and overall topics. No clear recommendations for me and my situation","No thanks, keep my survey answers completely anonymous",
VpYXVdJ,ODVLJyR,2026-07-01 12:52:17,Yes — actively (I trade or review positions regularly),Less than 1 hour,"AI Tools (ChatGPT, Perplexity, Claude), Social Media (Reddit, X, LinkedIn), My broker's built-in charting/tools",FALSE,FALSE,FALSE,FALSE,TRUE,TRUE,TRUE,FALSE,Complexity — it's hard to separate the signal from the noise,No — I exclusively use free tools and data,,,,,,,,,,,,,,,,,Moderately — but only if the AI displays the exact primary source and formula used,Business / Consulting / Corporate Strategy,"Europe – Eastern & Southern Europe (e.g., Poland, Italy, Spain, Ukraine)",Talk to an stock expert every now and then to get feedback about my strategy,"Yes, let's connect. Here is my LinkedIn profile URL or name:",Kristin Müller